[
	{
		"title": "Start",
		"tags": "",
		"body": "Every Who Down in Whoville Liked Christmas a lot... But the Grinch who lived just north of Whoville, Did NOT! The Grinch hated Christmas! The whole Christmas season!\n\nNow, please don't ask why. No one quite knows the reason. \n\n\n[[Next|Option2]]",
		"position": {
			"x": -13,
			"y": 57
		},
		"colorID": 0
	},
	{
		"title": "option3",
		"tags": "",
		"body": "Every Who down in Whoville, the tall and the small, would stand close together, with Christmas bells ringing. They'd stand hand-in-hand. And the Whos would start singing!\n\nAnd the more the Grinch thought of this Who Christmas Sing, the more the Grinch thought, \"I must stop this whole thing! Why, for fifty-three years I've put up with it now! I MUST stop this Christmas from coming! But HOW?\"\n\n[[next|option4]] |]]",
		"position": {
			"x": 165,
			"y": 304
		},
		"colorID": 0
	},
	{
		"title": "option4",
		"tags": "",
		"body": "Then he got an idea! An awful idea! THE GRINCH GOT A WONDERFUL, AWFUL IDEA! \"I know just what to do!\" The Grinch laughed in his throat.\n\nAnd he made a quick Santy Claus hat and a coat. With this coat and this hat, I look just like Saint Nick! All I need is a reindeer...\" \n\nThe Grinch looked around. \"If I can't find a reindeer, I'll make one instead!\" So he called his dog, Max. THEN he loaded some bags and some old empty sacks, on a ramshackle sleigh and he hitched up old Max.\n\n\n\n[[next|option5]]",
		"position": {
			"x": 400,
			"y": 306
		},
		"colorID": 0
	},
	{
		"title": "Option2",
		"tags": "",
		"body": "\"Tomorrow is Christmas! It's practically here! I MUST find some way to stop Christmas from coming!\" For Tomorrow, he knew, all the Who girls and boys would wake bright and early.\n[[next|option3]]",
		"position": {
			"x": 260,
			"y": 57
		},
		"colorID": 0
	},
	{
		"title": "Nextscene",
		"tags": "",
		"body": "Changes to next scene",
		"position": {
			"x": 716,
			"y": 27
		},
		"colorID": 0
	},
	{
		"title": "option5",
		"tags": "",
		"body": "Then the Grinch said, \"Giddap!\" And the sleigh started down, toward the homes where the Whos lay asnooze in their town. \nThe Grinch slithered and slunk, with a smile most unpleasant, to sneak into Whoville and take every present!\n\nBut the Whos aren't fools—they patrol every street to protect their gifts and the Christmas treat! Now it's YOUR turn to help the Grinch succeed.\n\nSteal the presents, fulfill his need! But beware of the Whovillagers who roam the land, avoid their sights and their reprimanding hand!\n\n[[next|Nextscene]] |]]",
		"position": {
			"x": 630,
			"y": 313
		},
		"colorID": 0
	}
]